lon;lat;country
22;13;Sudan
22.5;12.5;Sudan
22.5;13;Sudan
22.5;13.5;Sudan
22.5;14;Sudan
22.5;14.5;Sudan
23;11;Sudan
23;11.5;Sudan
23;12;Sudan
23;12.5;Sudan
23;13;Sudan
23;13.5;Sudan
23;14;Sudan
23;14.5;Sudan
23;15;Sudan
23;15.5;Sudan
23.5;9;Sudan
23.5;10.5;Sudan
23.5;11;Sudan
23.5;11.5;Sudan
23.5;12;Sudan
23.5;12.5;Sudan
23.5;13;Sudan
23.5;13.5;Sudan
23.5;14;Sudan
23.5;14.5;Sudan
23.5;15;Sudan
23.5;15.5;Sudan
24;9;Sudan
24;9.5;Sudan
24;10;Sudan
24;10.5;Sudan
24;11;Sudan
24;11.5;Sudan
24;12;Sudan
24;12.5;Sudan
24;13;Sudan
24;13.5;Sudan
24;14;Sudan
24;14.5;Sudan
24;15;Sudan
24;15.5;Sudan
24.5;8.5;South Sudan
24.5;9;Sudan
24.5;9.5;Sudan
24.5;10;Sudan
24.5;10.5;Sudan
24.5;11;Sudan
24.5;11.5;Sudan
24.5;12;Sudan
24.5;12.5;Sudan
24.5;13;Sudan
24.5;13.5;Sudan
24.5;14;Sudan
24.5;14.5;Sudan
24.5;15;Sudan
24.5;15.5;Sudan
24.5;16;Sudan
24.5;16.5;Sudan
24.5;17;Sudan
24.5;17.5;Sudan
24.5;18;Sudan
24.5;18.5;Sudan
24.5;19;Sudan
24.5;19.5;Sudan
24.5;20;Sudan
25;8;South Sudan
25;8.5;South Sudan
25;9;South Sudan
25;9.5;South Sudan
25;10;South Sudan
25;10.5;Sudan
25;11;Sudan
25;11.5;Sudan
25;12;Sudan
25;12.5;Sudan
25;13;Sudan
25;13.5;Sudan
25;14;Sudan
25;14.5;Sudan
25;15;Sudan
25;15.5;Sudan
25;16;Sudan
25;16.5;Sudan
25;17;Sudan
25;17.5;Sudan
25;18;Sudan
25;18.5;Sudan
25;19;Sudan
25;19.5;Sudan
25;20;Sudan
25;20.5;Sudan
25;21;Sudan
25;21.5;Sudan
25.5;7.5;South Sudan
25.5;8;South Sudan
25.5;8.5;South Sudan
25.5;9;South Sudan
25.5;9.5;South Sudan
25.5;10;South Sudan
25.5;10.5;Sudan
25.5;11;Sudan
25.5;11.5;Sudan
25.5;12;Sudan
25.5;12.5;Sudan
25.5;13;Sudan
25.5;13.5;Sudan
25.5;14;Sudan
25.5;14.5;Sudan
25.5;15;Sudan
25.5;15.5;Sudan
25.5;16;Sudan
25.5;16.5;Sudan
25.5;17;Sudan
25.5;17.5;Sudan
25.5;18;Sudan
25.5;18.5;Sudan
25.5;19;Sudan
25.5;19.5;Sudan
25.5;20;Sudan
25.5;20.5;Sudan
25.5;21;Sudan
25.5;21.5;Sudan
25.5;22;Sudan
26;7.5;South Sudan
26;8;South Sudan
26;8.5;South Sudan
26;9;South Sudan
26;9.5;South Sudan
26;10;South Sudan
26;10.5;Sudan
26;11;Sudan
26;11.5;Sudan
26;12;Sudan
26;12.5;Sudan
26;13;Sudan
26;13.5;Sudan
26;14;Sudan
26;14.5;Sudan
26;15;Sudan
26;15.5;Sudan
26;16;Sudan
26;16.5;Sudan
26;17;Sudan
26;17.5;Sudan
26;18;Sudan
26;18.5;Sudan
26;19;Sudan
26;19.5;Sudan
26;20;Sudan
26;20.5;Sudan
26;21;Sudan
26;21.5;Sudan
26;22;Sudan
26.5;6.5;South Sudan
26.5;7;South Sudan
26.5;7.5;South Sudan
26.5;8;South Sudan
26.5;8.5;South Sudan
26.5;9;South Sudan
26.5;9.5;South Sudan
26.5;10;Sudan
26.5;10.5;Sudan
26.5;11;Sudan
26.5;11.5;Sudan
26.5;12;Sudan
26.5;12.5;Sudan
26.5;13;Sudan
26.5;13.5;Sudan
26.5;14;Sudan
26.5;14.5;Sudan
26.5;15;Sudan
26.5;15.5;Sudan
26.5;16;Sudan
26.5;16.5;Sudan
26.5;17;Sudan
26.5;17.5;Sudan
26.5;18;Sudan
26.5;18.5;Sudan
26.5;19;Sudan
26.5;19.5;Sudan
26.5;20;Sudan
26.5;20.5;Sudan
26.5;21;Sudan
26.5;21.5;Sudan
26.5;22;Sudan
27;6;South Sudan
27;6.5;South Sudan
27;7;South Sudan
27;7.5;South Sudan
27;8;South Sudan
27;8.5;South Sudan
27;9;South Sudan
27;9.5;South Sudan
27;10;Sudan
27;10.5;Sudan
27;11;Sudan
27;11.5;Sudan
27;12;Sudan
27;12.5;Sudan
27;13;Sudan
27;13.5;Sudan
27;14;Sudan
27;14.5;Sudan
27;15;Sudan
27;15.5;Sudan
27;16;Sudan
27;16.5;Sudan
27;17;Sudan
27;17.5;Sudan
27;18;Sudan
27;18.5;Sudan
27;19;Sudan
27;19.5;Sudan
27;20;Sudan
27;20.5;Sudan
27;21;Sudan
27;21.5;Sudan
27;22;Sudan
27.5;5;South Sudan
27.5;5.5;South Sudan
27.5;6;South Sudan
27.5;6.5;South Sudan
27.5;7;South Sudan
27.5;7.5;South Sudan
27.5;8;South Sudan
27.5;8.5;South Sudan
27.5;9;South Sudan
27.5;9.5;South Sudan
27.5;10;Sudan
27.5;10.5;Sudan
27.5;11;Sudan
27.5;11.5;Sudan
27.5;12;Sudan
27.5;12.5;Sudan
27.5;13;Sudan
27.5;13.5;Sudan
27.5;14;Sudan
27.5;14.5;Sudan
27.5;15;Sudan
27.5;15.5;Sudan
27.5;16;Sudan
27.5;16.5;Sudan
27.5;17;Sudan
27.5;17.5;Sudan
27.5;18;Sudan
27.5;18.5;Sudan
27.5;19;Sudan
27.5;19.5;Sudan
27.5;20;Sudan
27.5;20.5;Sudan
27.5;21;Sudan
27.5;21.5;Sudan
27.5;22;Sudan
28;5;South Sudan
28;5.5;South Sudan
28;6;South Sudan
28;6.5;South Sudan
28;7;South Sudan
28;7.5;South Sudan
28;8;South Sudan
28;8.5;South Sudan
28;9;South Sudan
28;9.5;Sudan
28;10;Sudan
28;10.5;Sudan
28;11;Sudan
28;11.5;Sudan
28;12;Sudan
28;12.5;Sudan
28;13;Sudan
28;13.5;Sudan
28;14;Sudan
28;14.5;Sudan
28;15;Sudan
28;15.5;Sudan
28;16;Sudan
28;16.5;Sudan
28;17;Sudan
28;17.5;Sudan
28;18;Sudan
28;18.5;Sudan
28;19;Sudan
28;19.5;Sudan
28;20;Sudan
28;20.5;Sudan
28;21;Sudan
28;21.5;Sudan
28;22;Sudan
28.5;4.5;South Sudan
28.5;5;South Sudan
28.5;5.5;South Sudan
28.5;6;South Sudan
28.5;6.5;South Sudan
28.5;7;South Sudan
28.5;7.5;South Sudan
28.5;8;South Sudan
28.5;8.5;South Sudan
28.5;9;South Sudan
28.5;9.5;Sudan
28.5;10;Sudan
28.5;10.5;Sudan
28.5;11;Sudan
28.5;11.5;Sudan
28.5;12;Sudan
28.5;12.5;Sudan
28.5;13;Sudan
28.5;13.5;Sudan
28.5;14;Sudan
28.5;14.5;Sudan
28.5;15;Sudan
28.5;15.5;Sudan
28.5;16;Sudan
28.5;16.5;Sudan
28.5;17;Sudan
28.5;17.5;Sudan
28.5;18;Sudan
28.5;18.5;Sudan
28.5;19;Sudan
28.5;19.5;Sudan
28.5;20;Sudan
28.5;20.5;Sudan
28.5;21;Sudan
28.5;21.5;Sudan
28.5;22;Sudan
29;-2.5;Rwanda
29;4.5;South Sudan
29;5;South Sudan
29;5.5;South Sudan
29;6;South Sudan
29;6.5;South Sudan
29;7;South Sudan
29;7.5;South Sudan
29;8;South Sudan
29;8.5;South Sudan
29;9;South Sudan
29;9.5;South Sudan
29;10;Sudan
29;10.5;Sudan
29;11;Sudan
29;11.5;Sudan
29;12;Sudan
29;12.5;Sudan
29;13;Sudan
29;13.5;Sudan
29;14;Sudan
29;14.5;Sudan
29;15;Sudan
29;15.5;Sudan
29;16;Sudan
29;16.5;Sudan
29;17;Sudan
29;17.5;Sudan
29;18;Sudan
29;18.5;Sudan
29;19;Sudan
29;19.5;Sudan
29;20;Sudan
29;20.5;Sudan
29;21;Sudan
29;21.5;Sudan
29;22;Sudan
29.5;-5;""
29.5;-4.5;""
29.5;-4;Burundi
29.5;-3.5;Burundi
29.5;-3;Burundi
29.5;-2.5;Rwanda
29.5;-2;Rwanda
29.5;-1.5;Rwanda
29.5;5;South Sudan
29.5;5.5;South Sudan
29.5;6;South Sudan
29.5;6.5;South Sudan
29.5;7;South Sudan
29.5;7.5;South Sudan
29.5;8;South Sudan
29.5;8.5;South Sudan
29.5;9;South Sudan
29.5;9.5;South Sudan
29.5;10;Sudan
29.5;10.5;Sudan
29.5;11;Sudan
29.5;11.5;Sudan
29.5;12;Sudan
29.5;12.5;Sudan
29.5;13;Sudan
29.5;13.5;Sudan
29.5;14;Sudan
29.5;14.5;Sudan
29.5;15;Sudan
29.5;15.5;Sudan
29.5;16;Sudan
29.5;16.5;Sudan
29.5;17;Sudan
29.5;17.5;Sudan
29.5;18;Sudan
29.5;18.5;Sudan
29.5;19;Sudan
29.5;19.5;Sudan
29.5;20;Sudan
29.5;20.5;Sudan
29.5;21;Sudan
29.5;21.5;Sudan
29.5;22;Sudan
30;-6.5;""
30;-6;""
30;-5.5;""
30;-5;""
30;-4.5;""
30;-4;Burundi
30;-3.5;Burundi
30;-3;Burundi
30;-2.5;Burundi
30;-2;Rwanda
30;-1.5;Rwanda
30;-1;Uganda
30;-0.5;Uganda
30;0;Uganda
30;0.5;Uganda
30;4.5;South Sudan
30;5;South Sudan
30;5.5;South Sudan
30;6;South Sudan
30;6.5;South Sudan
30;7;South Sudan
30;7.5;South Sudan
30;8;South Sudan
30;8.5;South Sudan
30;9;South Sudan
30;9.5;South Sudan
30;10;South Sudan
30;10.5;Sudan
30;11;Sudan
30;11.5;Sudan
30;12;Sudan
30;12.5;Sudan
30;13;Sudan
30;13.5;Sudan
30;14;Sudan
30;14.5;Sudan
30;15;Sudan
30;15.5;Sudan
30;16;Sudan
30;16.5;Sudan
30;17;Sudan
30;17.5;Sudan
30;18;Sudan
30;18.5;Sudan
30;19;Sudan
30;19.5;Sudan
30;20;Sudan
30;20.5;Sudan
30;21;Sudan
30;21.5;Sudan
30;22;Sudan
30.5;-7.5;""
30.5;-7;""
30.5;-6.5;""
30.5;-6;""
30.5;-5.5;""
30.5;-5;""
30.5;-4.5;""
30.5;-4;""
30.5;-3.5;Burundi
30.5;-3;Burundi
30.5;-2.5;""
30.5;-2;Rwanda
30.5;-1.5;Rwanda
30.5;-1;Uganda
30.5;-0.5;Uganda
30.5;0;Uganda
30.5;0.5;Uganda
30.5;1;Uganda
30.5;4;South Sudan
30.5;4.5;South Sudan
30.5;5;South Sudan
30.5;5.5;South Sudan
30.5;6;South Sudan
30.5;6.5;South Sudan
30.5;7;South Sudan
30.5;7.5;South Sudan
30.5;8;South Sudan
30.5;8.5;South Sudan
30.5;9;South Sudan
30.5;9.5;South Sudan
30.5;10;Sudan
30.5;10.5;Sudan
30.5;11;Sudan
30.5;11.5;Sudan
30.5;12;Sudan
30.5;12.5;Sudan
30.5;13;Sudan
30.5;13.5;Sudan
30.5;14;Sudan
30.5;14.5;Sudan
30.5;15;Sudan
30.5;15.5;Sudan
30.5;16;Sudan
30.5;16.5;Sudan
30.5;17;Sudan
30.5;17.5;Sudan
30.5;18;Sudan
30.5;18.5;Sudan
30.5;19;Sudan
30.5;19.5;Sudan
30.5;20;Sudan
30.5;20.5;Sudan
30.5;21;Sudan
30.5;21.5;Sudan
30.5;22;Sudan
31;-8.5;""
31;-8;""
31;-7.5;""
31;-7;""
31;-6.5;""
31;-6;""
31;-5.5;""
31;-5;""
31;-4.5;""
31;-4;""
31;-3.5;""
31;-3;""
31;-2.5;""
31;-2;""
31;-1.5;""
31;-1;Uganda
31;-0.5;Uganda
31;0;Uganda
31;0.5;Uganda
31;1;Uganda
31;1.5;Uganda
31;2.5;Uganda
31;3;Uganda
31;3.5;Uganda
31;4;South Sudan
31;4.5;South Sudan
31;5;South Sudan
31;5.5;South Sudan
31;6;South Sudan
31;6.5;South Sudan
31;7;South Sudan
31;7.5;South Sudan
31;8;South Sudan
31;8.5;South Sudan
31;9;South Sudan
31;9.5;South Sudan
31;10;Sudan
31;10.5;Sudan
31;11;Sudan
31;11.5;Sudan
31;12;Sudan
31;12.5;Sudan
31;13;Sudan
31;13.5;Sudan
31;14;Sudan
31;14.5;Sudan
31;15;Sudan
31;15.5;Sudan
31;16;Sudan
31;16.5;Sudan
31;17;Sudan
31;17.5;Sudan
31;18;Sudan
31;18.5;Sudan
31;19;Sudan
31;19.5;Sudan
31;20;Sudan
31;20.5;Sudan
31;21;Sudan
31;21.5;Sudan
31;22;Sudan
31.5;-8.5;""
31.5;-8;""
31.5;-7.5;""
31.5;-7;""
31.5;-6.5;""
31.5;-6;""
31.5;-5.5;""
31.5;-5;""
31.5;-4.5;""
31.5;-4;""
31.5;-3.5;""
31.5;-3;""
31.5;-2.5;""
31.5;-2;""
31.5;-1.5;""
31.5;-1;Uganda
31.5;-0.5;Uganda
31.5;0;Uganda
31.5;0.5;Uganda
31.5;1;Uganda
31.5;1.5;Uganda
31.5;2;Uganda
31.5;2.5;Uganda
31.5;3;Uganda
31.5;3.5;Uganda
31.5;4;South Sudan
31.5;4.5;South Sudan
31.5;5;South Sudan
31.5;5.5;South Sudan
31.5;6;South Sudan
31.5;6.5;South Sudan
31.5;7;South Sudan
31.5;7.5;South Sudan
31.5;8;South Sudan
31.5;8.5;South Sudan
31.5;9;South Sudan
31.5;9.5;South Sudan
31.5;10;South Sudan
31.5;10.5;Sudan
31.5;11;Sudan
31.5;11.5;Sudan
31.5;12;Sudan
31.5;12.5;Sudan
31.5;13;Sudan
31.5;13.5;Sudan
31.5;14;Sudan
31.5;14.5;Sudan
31.5;15;Sudan
31.5;15.5;Sudan
31.5;16;Sudan
31.5;16.5;Sudan
31.5;17;Sudan
31.5;17.5;Sudan
31.5;18;Sudan
31.5;18.5;Sudan
31.5;19;Sudan
31.5;19.5;Sudan
31.5;20;Sudan
31.5;20.5;Sudan
31.5;21;Sudan
31.5;21.5;Sudan
31.5;22;Sudan
32;-9;""
32;-8.5;""
32;-8;""
32;-7.5;""
32;-7;""
32;-6.5;""
32;-6;""
32;-5.5;""
32;-5;""
32;-4.5;""
32;-4;""
32;-3.5;""
32;-3;""
32;-2.5;""
32;-2;""
32;-1.5;""
32;-1;Uganda
32;-0.5;Uganda
32;0;Uganda
32;0.5;Uganda
32;1;Uganda
32;1.5;Uganda
32;2;Uganda
32;2.5;Uganda
32;3;Uganda
32;3.5;Uganda
32;4;South Sudan
32;4.5;South Sudan
32;5;South Sudan
32;5.5;South Sudan
32;6;South Sudan
32;6.5;South Sudan
32;7;South Sudan
32;7.5;South Sudan
32;8;South Sudan
32;8.5;South Sudan
32;9;South Sudan
32;9.5;South Sudan
32;10;South Sudan
32;10.5;South Sudan
32;11;Sudan
32;11.5;Sudan
32;12;Sudan
32;12.5;Sudan
32;13;Sudan
32;13.5;Sudan
32;14;Sudan
32;14.5;Sudan
32;15;Sudan
32;15.5;Sudan
32;16;Sudan
32;16.5;Sudan
32;17;Sudan
32;17.5;Sudan
32;18;Sudan
32;18.5;Sudan
32;19;Sudan
32;19.5;Sudan
32;20;Sudan
32;20.5;Sudan
32;21;Sudan
32;21.5;Sudan
32;22;Sudan
32.5;-9;""
32.5;-8.5;""
32.5;-8;""
32.5;-7.5;""
32.5;-7;""
32.5;-6.5;""
32.5;-6;""
32.5;-5.5;""
32.5;-5;""
32.5;-4.5;""
32.5;-4;""
32.5;-3.5;""
32.5;-3;""
32.5;-2.5;""
32.5;-2;""
32.5;-1.5;""
32.5;-1;Uganda
32.5;-0.5;Uganda
32.5;0;Uganda
32.5;0.5;Uganda
32.5;1;Uganda
32.5;1.5;Uganda
32.5;2;Uganda
32.5;2.5;Uganda
32.5;3;Uganda
32.5;3.5;Uganda
32.5;4;South Sudan
32.5;4.5;South Sudan
32.5;5;South Sudan
32.5;5.5;South Sudan
32.5;6;South Sudan
32.5;6.5;South Sudan
32.5;7;South Sudan
32.5;7.5;South Sudan
32.5;8;South Sudan
32.5;8.5;South Sudan
32.5;9;South Sudan
32.5;9.5;South Sudan
32.5;10;South Sudan
32.5;10.5;South Sudan
32.5;11;South Sudan
32.5;11.5;South Sudan
32.5;12;South Sudan
32.5;12.5;Sudan
32.5;13;Sudan
32.5;13.5;Sudan
32.5;14;Sudan
32.5;14.5;Sudan
32.5;15;Sudan
32.5;15.5;Sudan
32.5;16;Sudan
32.5;16.5;Sudan
32.5;17;Sudan
32.5;17.5;Sudan
32.5;18;Sudan
32.5;18.5;Sudan
32.5;19;Sudan
32.5;19.5;Sudan
32.5;20;Sudan
32.5;20.5;Sudan
32.5;21;Sudan
32.5;21.5;Sudan
32.5;22;Sudan
33;-9;""
33;-8.5;""
33;-8;""
33;-7.5;""
33;-7;""
33;-6.5;""
33;-6;""
33;-5.5;""
33;-5;""
33;-4.5;""
33;-4;""
33;-3.5;""
33;-3;""
33;-2.5;""
33;-2;""
33;-1.5;""
33;-1;Uganda
33;-0.5;Uganda
33;0;Uganda
33;0.5;Uganda
33;1;Uganda
33;1.5;Uganda
33;2;Uganda
33;2.5;Uganda
33;3;Uganda
33;3.5;Uganda
33;4;South Sudan
33;4.5;South Sudan
33;5;South Sudan
33;5.5;South Sudan
33;6;South Sudan
33;6.5;South Sudan
33;7;South Sudan
33;7.5;South Sudan
33;8;South Sudan
33;8.5;South Sudan
33;9;South Sudan
33;9.5;South Sudan
33;10;South Sudan
33;10.5;South Sudan
33;11;South Sudan
33;11.5;South Sudan
33;12;South Sudan
33;12.5;Sudan
33;13;Sudan
33;13.5;Sudan
33;14;Sudan
33;14.5;Sudan
33;15;Sudan
33;15.5;Sudan
33;16;Sudan
33;16.5;Sudan
33;17;Sudan
33;17.5;Sudan
33;18;Sudan
33;18.5;Sudan
33;19;Sudan
33;19.5;Sudan
33;20;Sudan
33;20.5;Sudan
33;21;Sudan
33;21.5;Sudan
33;22;Sudan
33.5;-9.5;""
33.5;-9;""
33.5;-8.5;""
33.5;-8;""
33.5;-7.5;""
33.5;-7;""
33.5;-6.5;""
33.5;-6;""
33.5;-5.5;""
33.5;-5;""
33.5;-4.5;""
33.5;-4;""
33.5;-3.5;""
33.5;-3;""
33.5;-2.5;""
33.5;-2;""
33.5;-1.5;""
33.5;-1;Uganda
33.5;-0.5;Uganda
33.5;0;Uganda
33.5;0.5;Uganda
33.5;1;Uganda
33.5;1.5;Uganda
33.5;2;Uganda
33.5;2.5;Uganda
33.5;3;Uganda
33.5;3.5;Uganda
33.5;4;South Sudan
33.5;4.5;South Sudan
33.5;5;South Sudan
33.5;5.5;South Sudan
33.5;6;South Sudan
33.5;6.5;South Sudan
33.5;7;South Sudan
33.5;7.5;South Sudan
33.5;8;Ethiopia
33.5;8.5;South Sudan
33.5;9;South Sudan
33.5;9.5;South Sudan
33.5;10;South Sudan
33.5;10.5;South Sudan
33.5;11;Sudan
33.5;11.5;Sudan
33.5;12;Sudan
33.5;12.5;Sudan
33.5;13;Sudan
33.5;13.5;Sudan
33.5;14;Sudan
33.5;14.5;Sudan
33.5;15;Sudan
33.5;15.5;Sudan
33.5;16;Sudan
33.5;16.5;Sudan
33.5;17;Sudan
33.5;17.5;Sudan
33.5;18;Sudan
33.5;18.5;Sudan
33.5;19;Sudan
33.5;19.5;Sudan
33.5;20;Sudan
33.5;20.5;Sudan
33.5;21;Sudan
33.5;21.5;Sudan
34;-9.5;""
34;-9;""
34;-8.5;""
34;-8;""
34;-7.5;""
34;-7;""
34;-6.5;""
34;-6;""
34;-5.5;""
34;-5;""
34;-4.5;""
34;-4;""
34;-3.5;""
34;-3;""
34;-2.5;""
34;-2;""
34;-1.5;""
34;-1;Kenya
34;-0.5;Kenya
34;0;Kenya
34;0.5;Uganda
34;1;Uganda
34;1.5;Uganda
34;2;Uganda
34;2.5;Uganda
34;3;Uganda
34;3.5;Uganda
34;4;Uganda
34;4.5;South Sudan
34;5;South Sudan
34;5.5;South Sudan
34;6;South Sudan
34;6.5;South Sudan
34;7;South Sudan
34;7.5;Ethiopia
34;8;Ethiopia
34;8.5;South Sudan
34;9;South Sudan
34;9.5;Sudan
34;10;Sudan
34;10.5;Sudan
34;11;Sudan
34;11.5;Sudan
34;12;Sudan
34;12.5;Sudan
34;13;Sudan
34;13.5;Sudan
34;14;Sudan
34;14.5;Sudan
34;15;Sudan
34;15.5;Sudan
34;16;Sudan
34;16.5;Sudan
34;17;Sudan
34;17.5;Sudan
34;18;Sudan
34;18.5;Sudan
34;19;Sudan
34;19.5;Sudan
34;20;Sudan
34;20.5;Sudan
34;21;Sudan
34;21.5;Sudan
34.5;-9.5;""
34.5;-9;""
34.5;-8.5;""
34.5;-8;""
34.5;-7.5;""
34.5;-7;""
34.5;-6.5;""
34.5;-6;""
34.5;-5.5;""
34.5;-5;""
34.5;-4.5;""
34.5;-4;""
34.5;-3.5;""
34.5;-3;""
34.5;-2.5;""
34.5;-2;""
34.5;-1.5;""
34.5;-1;Kenya
34.5;-0.5;Kenya
34.5;0;Kenya
34.5;0.5;Kenya
34.5;1;Kenya
34.5;1.5;Uganda
34.5;2;Uganda
34.5;2.5;Uganda
34.5;3;Uganda
34.5;3.5;Kenya
34.5;4;Kenya
34.5;4.5;Kenya
34.5;5;South Sudan
34.5;5.5;South Sudan
34.5;6;South Sudan
34.5;6.5;South Sudan
34.5;7;Ethiopia
34.5;7.5;Ethiopia
34.5;8;Ethiopia
34.5;8.5;Ethiopia
34.5;9;Ethiopia
34.5;9.5;Ethiopia
34.5;10;Ethiopia
34.5;10.5;Ethiopia
34.5;11;Sudan
34.5;11.5;Sudan
34.5;12;Sudan
34.5;12.5;Sudan
34.5;13;Sudan
34.5;13.5;Sudan
34.5;14;Sudan
34.5;14.5;Sudan
34.5;15;Sudan
34.5;15.5;Sudan
34.5;16;Sudan
34.5;16.5;Sudan
34.5;17;Sudan
34.5;17.5;Sudan
34.5;18;Sudan
34.5;18.5;Sudan
34.5;19;Sudan
34.5;19.5;Sudan
34.5;20;Sudan
34.5;20.5;Sudan
34.5;21;Sudan
34.5;21.5;Sudan
34.5;22;Sudan
35;-11.5;""
35;-11;""
35;-10.5;""
35;-10;""
35;-9.5;""
35;-9;""
35;-8.5;""
35;-8;""
35;-7.5;""
35;-7;""
35;-6.5;""
35;-6;""
35;-5.5;""
35;-5;""
35;-4.5;""
35;-4;""
35;-3.5;""
35;-3;""
35;-2.5;""
35;-2;""
35;-1.5;Kenya
35;-1;Kenya
35;-0.5;Kenya
35;0;Kenya
35;0.5;Kenya
35;1;Kenya
35;1.5;Kenya
35;2;Kenya
35;2.5;Kenya
35;3;Kenya
35;3.5;Kenya
35;4;Kenya
35;4.5;Kenya
35;5;Kenya
35;5.5;South Sudan
35;6;Ethiopia
35;6.5;Ethiopia
35;7;Ethiopia
35;7.5;Ethiopia
35;8;Ethiopia
35;8.5;Ethiopia
35;9;Ethiopia
35;9.5;Ethiopia
35;10;Ethiopia
35;10.5;Ethiopia
35;11;Ethiopia
35;11.5;Sudan
35;12;Sudan
35;12.5;Sudan
35;13;Sudan
35;13.5;Sudan
35;14;Sudan
35;14.5;Sudan
35;15;Sudan
35;15.5;Sudan
35;16;Sudan
35;16.5;Sudan
35;17;Sudan
35;17.5;Sudan
35;18;Sudan
35;18.5;Sudan
35;19;Sudan
35;19.5;Sudan
35;20;Sudan
35;20.5;Sudan
35;21;Sudan
35;21.5;Sudan
35;22;Sudan
35;22.5;Sudan
35.5;-11.5;""
35.5;-11;""
35.5;-10.5;""
35.5;-10;""
35.5;-9.5;""
35.5;-9;""
35.5;-8.5;""
35.5;-8;""
35.5;-7.5;""
35.5;-7;""
35.5;-6.5;""
35.5;-6;""
35.5;-5.5;""
35.5;-5;""
35.5;-4.5;""
35.5;-4;""
35.5;-3.5;""
35.5;-3;""
35.5;-2.5;""
35.5;-2;""
35.5;-1.5;Kenya
35.5;-1;Kenya
35.5;-0.5;Kenya
35.5;0;Kenya
35.5;0.5;Kenya
35.5;1;Kenya
35.5;1.5;Kenya
35.5;2;Kenya
35.5;2.5;Kenya
35.5;3;Kenya
35.5;3.5;Kenya
35.5;4;Kenya
35.5;4.5;Kenya
35.5;5;Kenya
35.5;5.5;Ethiopia
35.5;6;Ethiopia
35.5;6.5;Ethiopia
35.5;7;Ethiopia
35.5;7.5;Ethiopia
35.5;8;Ethiopia
35.5;8.5;Ethiopia
35.5;9;Ethiopia
35.5;9.5;Ethiopia
35.5;10;Ethiopia
35.5;10.5;Ethiopia
35.5;11;Ethiopia
35.5;11.5;Ethiopia
35.5;12;Ethiopia
35.5;12.5;Sudan
35.5;13;Sudan
35.5;13.5;Sudan
35.5;14;Sudan
35.5;14.5;Sudan
35.5;15;Sudan
35.5;15.5;Sudan
35.5;16;Sudan
35.5;16.5;Sudan
35.5;17;Sudan
35.5;17.5;Sudan
35.5;18;Sudan
35.5;18.5;Sudan
35.5;19;Sudan
35.5;19.5;Sudan
35.5;20;Sudan
35.5;20.5;Sudan
35.5;21;Sudan
35.5;21.5;Sudan
35.5;22;Sudan
35.5;22.5;Sudan
35.5;23;Sudan
36;-11;""
36;-10.5;""
36;-10;""
36;-9.5;""
36;-9;""
36;-8.5;""
36;-8;""
36;-7.5;""
36;-7;""
36;-6.5;""
36;-6;""
36;-5.5;""
36;-5;""
36;-4.5;""
36;-4;""
36;-3.5;""
36;-3;""
36;-2.5;""
36;-2;Kenya
36;-1.5;Kenya
36;-1;Kenya
36;-0.5;Kenya
36;0;Kenya
36;0.5;Kenya
36;1;Kenya
36;1.5;Kenya
36;2;Kenya
36;2.5;Kenya
36;3;Kenya
36;3.5;Kenya
36;4;Kenya
36;4.5;Ethiopia
36;5;Ethiopia
36;5.5;Ethiopia
36;6;Ethiopia
36;6.5;Ethiopia
36;7;Ethiopia
36;7.5;Ethiopia
36;8;Ethiopia
36;8.5;Ethiopia
36;9;Ethiopia
36;9.5;Ethiopia
36;10;Ethiopia
36;10.5;Ethiopia
36;11;Ethiopia
36;11.5;Ethiopia
36;12;Ethiopia
36;12.5;Ethiopia
36;13;Sudan
36;13.5;Sudan
36;14;Sudan
36;14.5;Sudan
36;15;Sudan
36;15.5;Sudan
36;16;Sudan
36;16.5;Sudan
36;17;Sudan
36;17.5;Sudan
36;18;Sudan
36;18.5;Sudan
36;19;Sudan
36;19.5;Sudan
36;20;Sudan
36;20.5;Sudan
36;21;Sudan
36;21.5;Sudan
36;22;Sudan
36;22.5;Sudan
36.5;-11.5;""
36.5;-11;""
36.5;-10.5;""
36.5;-10;""
36.5;-9.5;""
36.5;-9;""
36.5;-8.5;""
36.5;-8;""
36.5;-7.5;""
36.5;-7;""
36.5;-6.5;""
36.5;-6;""
36.5;-5.5;""
36.5;-5;""
36.5;-4.5;""
36.5;-4;""
36.5;-3.5;""
36.5;-3;""
36.5;-2.5;""
36.5;-2;Kenya
36.5;-1.5;Kenya
36.5;-1;Kenya
36.5;-0.5;Kenya
36.5;0;Kenya
36.5;0.5;Kenya
36.5;1;Kenya
36.5;1.5;Kenya
36.5;2;Kenya
36.5;2.5;Kenya
36.5;3;Kenya
36.5;3.5;Kenya
36.5;4;Kenya
36.5;4.5;Ethiopia
36.5;5;Ethiopia
36.5;5.5;Ethiopia
36.5;6;Ethiopia
36.5;6.5;Ethiopia
36.5;7;Ethiopia
36.5;7.5;Ethiopia
36.5;8;Ethiopia
36.5;8.5;Ethiopia
36.5;9;Ethiopia
36.5;9.5;Ethiopia
36.5;10;Ethiopia
36.5;10.5;Ethiopia
36.5;11;Ethiopia
36.5;11.5;Ethiopia
36.5;12;Ethiopia
36.5;12.5;Ethiopia
36.5;13;Ethiopia
36.5;13.5;Ethiopia
36.5;14;Ethiopia
36.5;14.5;Eritrea
36.5;15;Eritrea
36.5;15.5;Sudan
36.5;16;Sudan
36.5;16.5;Sudan
36.5;17;Sudan
36.5;17.5;Sudan
36.5;18;Sudan
36.5;18.5;Sudan
36.5;19;Sudan
36.5;19.5;Sudan
36.5;20;Sudan
36.5;20.5;Sudan
36.5;21;Sudan
36.5;21.5;Sudan
36.5;22;Sudan
37;-11.5;""
37;-11;""
37;-10.5;""
37;-10;""
37;-9.5;""
37;-9;""
37;-8.5;""
37;-8;""
37;-7.5;""
37;-7;""
37;-6.5;""
37;-6;""
37;-5.5;""
37;-5;""
37;-4.5;""
37;-4;""
37;-3.5;""
37;-3;""
37;-2.5;Kenya
37;-2;Kenya
37;-1.5;Kenya
37;-1;Kenya
37;-0.5;Kenya
37;0;Kenya
37;0.5;Kenya
37;1;Kenya
37;1.5;Kenya
37;2;Kenya
37;2.5;Kenya
37;3;Kenya
37;3.5;Kenya
37;4;Kenya
37;4.5;Ethiopia
37;5;Ethiopia
37;5.5;Ethiopia
37;6;Ethiopia
37;6.5;Ethiopia
37;7;Ethiopia
37;7.5;Ethiopia
37;8;Ethiopia
37;8.5;Ethiopia
37;9;Ethiopia
37;9.5;Ethiopia
37;10;Ethiopia
37;10.5;Ethiopia
37;11;Ethiopia
37;11.5;Ethiopia
37;12;Ethiopia
37;12.5;Ethiopia
37;13;Ethiopia
37;13.5;Ethiopia
37;14;Ethiopia
37;14.5;Eritrea
37;15;Eritrea
37;15.5;Eritrea
37;16;Eritrea
37;16.5;Eritrea
37;17;Eritrea
37;17.5;Sudan
37;18;Sudan
37;18.5;Sudan
37;19;Sudan
37;19.5;Sudan
37;20;Sudan
37;20.5;Sudan
37;21;Sudan
37.5;-11.5;""
37.5;-11;""
37.5;-10.5;""
37.5;-10;""
37.5;-9.5;""
37.5;-9;""
37.5;-8.5;""
37.5;-8;""
37.5;-7.5;""
37.5;-7;""
37.5;-6.5;""
37.5;-6;""
37.5;-5.5;""
37.5;-5;""
37.5;-4.5;""
37.5;-4;""
37.5;-3.5;""
37.5;-3;""
37.5;-2.5;Kenya
37.5;-2;Kenya
37.5;-1.5;Kenya
37.5;-1;Kenya
37.5;-0.5;Kenya
37.5;0;Kenya
37.5;0.5;Kenya
37.5;1;Kenya
37.5;1.5;Kenya
37.5;2;Kenya
37.5;2.5;Kenya
37.5;3;Kenya
37.5;3.5;Kenya
37.5;4;Kenya
37.5;4.5;Ethiopia
37.5;5;Ethiopia
37.5;5.5;Ethiopia
37.5;6;Ethiopia
37.5;6.5;Ethiopia
37.5;7;Ethiopia
37.5;7.5;Ethiopia
37.5;8;Ethiopia
37.5;8.5;Ethiopia
37.5;9;Ethiopia
37.5;9.5;Ethiopia
37.5;10;Ethiopia
37.5;10.5;Ethiopia
37.5;11;Ethiopia
37.5;11.5;Ethiopia
37.5;12;Ethiopia
37.5;12.5;Ethiopia
37.5;13;Ethiopia
37.5;13.5;Ethiopia
37.5;14;Ethiopia
37.5;14.5;Eritrea
37.5;15;Eritrea
37.5;15.5;Eritrea
37.5;16;Eritrea
37.5;16.5;Eritrea
37.5;17;Eritrea
37.5;17.5;Sudan
37.5;18;Sudan
37.5;18.5;Sudan
38;-11;""
38;-10.5;""
38;-10;""
38;-9.5;""
38;-9;""
38;-8.5;""
38;-8;""
38;-7.5;""
38;-7;""
38;-6.5;""
38;-6;""
38;-5.5;""
38;-5;""
38;-4.5;""
38;-4;""
38;-3.5;Kenya
38;-3;Kenya
38;-2.5;Kenya
38;-2;Kenya
38;-1.5;Kenya
38;-1;Kenya
38;-0.5;Kenya
38;0;Kenya
38;0.5;Kenya
38;1;Kenya
38;1.5;Kenya
38;2;Kenya
38;2.5;Kenya
38;3;Kenya
38;3.5;Kenya
38;4;Ethiopia
38;4.5;Ethiopia
38;5;Ethiopia
38;5.5;Ethiopia
38;6;Ethiopia
38;6.5;Ethiopia
38;7;Ethiopia
38;7.5;Ethiopia
38;8;Ethiopia
38;8.5;Ethiopia
38;9;Ethiopia
38;9.5;Ethiopia
38;10;Ethiopia
38;10.5;Ethiopia
38;11;Ethiopia
38;11.5;Ethiopia
38;12;Ethiopia
38;12.5;Ethiopia
38;13;Ethiopia
38;13.5;Ethiopia
38;14;Ethiopia
38;14.5;Ethiopia
38;15;Eritrea
38;15.5;Eritrea
38;16;Eritrea
38;16.5;Eritrea
38;17;Eritrea
38;17.5;Eritrea
38;18;Sudan
38.5;-11;""
38.5;-10.5;""
38.5;-10;""
38.5;-9.5;""
38.5;-9;""
38.5;-8.5;""
38.5;-8;""
38.5;-7.5;""
38.5;-7;""
38.5;-6.5;""
38.5;-6;""
38.5;-5.5;""
38.5;-5;""
38.5;-4.5;""
38.5;-4;Kenya
38.5;-3.5;Kenya
38.5;-3;Kenya
38.5;-2.5;Kenya
38.5;-2;Kenya
38.5;-1.5;Kenya
38.5;-1;Kenya
38.5;-0.5;Kenya
38.5;0;Kenya
38.5;0.5;Kenya
38.5;1;Kenya
38.5;1.5;Kenya
38.5;2;Kenya
38.5;2.5;Kenya
38.5;3;Kenya
38.5;3.5;Kenya
38.5;4;Ethiopia
38.5;4.5;Ethiopia
38.5;5;Ethiopia
38.5;5.5;Ethiopia
38.5;6;Ethiopia
38.5;6.5;Ethiopia
38.5;7;Ethiopia
38.5;7.5;Ethiopia
38.5;8;Ethiopia
38.5;8.5;Ethiopia
38.5;9;Ethiopia
38.5;9.5;Ethiopia
38.5;10;Ethiopia
38.5;10.5;Ethiopia
38.5;11;Ethiopia
38.5;11.5;Ethiopia
38.5;12;Ethiopia
38.5;12.5;Ethiopia
38.5;13;Ethiopia
38.5;13.5;Ethiopia
38.5;14;Ethiopia
38.5;14.5;Eritrea
38.5;15;Eritrea
38.5;15.5;Eritrea
38.5;16;Eritrea
38.5;16.5;Eritrea
38.5;17;Eritrea
38.5;17.5;Eritrea
38.5;18;Sudan
39;-11;""
39;-10.5;""
39;-10;""
39;-9.5;""
39;-9;""
39;-8.5;""
39;-8;""
39;-7.5;""
39;-7;""
39;-6.5;""
39;-5;""
39;-4.5;Kenya
39;-4;Kenya
39;-3.5;Kenya
39;-3;Kenya
39;-2.5;Kenya
39;-2;Kenya
39;-1.5;Kenya
39;-1;Kenya
39;-0.5;Kenya
39;0;Kenya
39;0.5;Kenya
39;1;Kenya
39;1.5;Kenya
39;2;Kenya
39;2.5;Kenya
39;3;Kenya
39;3.5;Kenya
39;4;Ethiopia
39;4.5;Ethiopia
39;5;Ethiopia
39;5.5;Ethiopia
39;6;Ethiopia
39;6.5;Ethiopia
39;7;Ethiopia
39;7.5;Ethiopia
39;8;Ethiopia
39;8.5;Ethiopia
39;9;Ethiopia
39;9.5;Ethiopia
39;10;Ethiopia
39;10.5;Ethiopia
39;11;Ethiopia
39;11.5;Ethiopia
39;12;Ethiopia
39;12.5;Ethiopia
39;13;Ethiopia
39;13.5;Ethiopia
39;14;Ethiopia
39;14.5;Ethiopia
39;15;Eritrea
39;15.5;Eritrea
39;16;Eritrea
39;16.5;Eritrea
39;17;Eritrea
39.5;-11;""
39.5;-10.5;""
39.5;-10;""
39.5;-9.5;""
39.5;-7;""
39.5;-4;Kenya
39.5;-3.5;Kenya
39.5;-3;Kenya
39.5;-2.5;Kenya
39.5;-2;Kenya
39.5;-1.5;Kenya
39.5;-1;Kenya
39.5;-0.5;Kenya
39.5;0;Kenya
39.5;0.5;Kenya
39.5;1;Kenya
39.5;1.5;Kenya
39.5;2;Kenya
39.5;2.5;Kenya
39.5;3;Kenya
39.5;3.5;Ethiopia
39.5;4;Ethiopia
39.5;4.5;Ethiopia
39.5;5;Ethiopia
39.5;5.5;Ethiopia
39.5;6;Ethiopia
39.5;6.5;Ethiopia
39.5;7;Ethiopia
39.5;7.5;Ethiopia
39.5;8;Ethiopia
39.5;8.5;Ethiopia
39.5;9;Ethiopia
39.5;9.5;Ethiopia
39.5;10;Ethiopia
39.5;10.5;Ethiopia
39.5;11;Ethiopia
39.5;11.5;Ethiopia
39.5;12;Ethiopia
39.5;12.5;Ethiopia
39.5;13;Ethiopia
39.5;13.5;Ethiopia
39.5;14;Ethiopia
39.5;14.5;Ethiopia
39.5;15;Eritrea
39.5;15.5;Eritrea
40;-10.5;""
40;-3;Kenya
40;-2.5;Kenya
40;-2;Kenya
40;-1.5;Kenya
40;-1;Kenya
40;-0.5;Kenya
40;0;Kenya
40;0.5;Kenya
40;1;Kenya
40;1.5;Kenya
40;2;Kenya
40;2.5;Kenya
40;3;Kenya
40;3.5;Kenya
40;4;Ethiopia
40;4.5;Ethiopia
40;5;Ethiopia
40;5.5;Ethiopia
40;6;Ethiopia
40;6.5;Ethiopia
40;7;Ethiopia
40;7.5;Ethiopia
40;8;Ethiopia
40;8.5;Ethiopia
40;9;Ethiopia
40;9.5;Ethiopia
40;10;Ethiopia
40;10.5;Ethiopia
40;11;Ethiopia
40;11.5;Ethiopia
40;12;Ethiopia
40;12.5;Ethiopia
40;13;Ethiopia
40;13.5;Ethiopia
40;14;Ethiopia
40;14.5;Eritrea
40;15;Eritrea
40.5;-2.5;Kenya
40.5;-2;Kenya
40.5;-1.5;Kenya
40.5;-1;Kenya
40.5;-0.5;Kenya
40.5;0;Kenya
40.5;0.5;Kenya
40.5;1;Kenya
40.5;1.5;Kenya
40.5;2;Kenya
40.5;2.5;Kenya
40.5;3;Kenya
40.5;3.5;Kenya
40.5;4;Kenya
40.5;4.5;Ethiopia
40.5;5;Ethiopia
40.5;5.5;Ethiopia
40.5;6;Ethiopia
40.5;6.5;Ethiopia
40.5;7;Ethiopia
40.5;7.5;Ethiopia
40.5;8;Ethiopia
40.5;8.5;Ethiopia
40.5;9;Ethiopia
40.5;9.5;Ethiopia
40.5;10;Ethiopia
40.5;10.5;Ethiopia
40.5;11;Ethiopia
40.5;11.5;Ethiopia
40.5;12;Ethiopia
40.5;12.5;Ethiopia
40.5;13;Ethiopia
40.5;13.5;Ethiopia
40.5;14;Ethiopia
40.5;14.5;Eritrea
40.5;15;""
41;-2;Kenya
41;-1.5;Kenya
41;-1;Kenya
41;-0.5;Somalia
41;0;Somalia
41;0.5;Somalia
41;1;Somalia
41;1.5;Somalia
41;2;Somalia
41;2.5;Somalia
41;3;Kenya
41;3.5;Kenya
41;4;Kenya
41;4.5;Ethiopia
41;5;Ethiopia
41;5.5;Ethiopia
41;6;Ethiopia
41;6.5;Ethiopia
41;7;Ethiopia
41;7.5;Ethiopia
41;8;Ethiopia
41;8.5;Ethiopia
41;9;Ethiopia
41;9.5;Ethiopia
41;10;Ethiopia
41;10.5;Ethiopia
41;11;Ethiopia
41;11.5;Ethiopia
41;12;Ethiopia
41;12.5;Ethiopia
41;13;Ethiopia
41;13.5;Ethiopia
41;14;Eritrea
41;14.5;Eritrea
41.5;-1.5;Somalia
41.5;-1;Somalia
41.5;-0.5;Somalia
41.5;0;Somalia
41.5;0.5;Somalia
41.5;1;Somalia
41.5;1.5;Somalia
41.5;2;Somalia
41.5;2.5;Somalia
41.5;3;Somalia
41.5;3.5;Kenya
41.5;4;Ethiopia
41.5;4.5;Ethiopia
41.5;5;Ethiopia
41.5;5.5;Ethiopia
41.5;6;Ethiopia
41.5;6.5;Ethiopia
41.5;7;Ethiopia
41.5;7.5;Ethiopia
41.5;8;Ethiopia
41.5;8.5;Ethiopia
41.5;9;Ethiopia
41.5;9.5;Ethiopia
41.5;10;Ethiopia
41.5;10.5;Ethiopia
41.5;11;Ethiopia
41.5;11.5;Ethiopia
41.5;12;Ethiopia
41.5;12.5;Ethiopia
41.5;13;Ethiopia
41.5;13.5;Eritrea
41.5;14;Eritrea
42;-1;""
42;-0.5;Somalia
42;0;Somalia
42;0.5;Somalia
42;1;Somalia
42;1.5;Somalia
42;2;Somalia
42;2.5;Somalia
42;3;Somalia
42;3.5;Somalia
42;4;Somalia
42;4.5;Ethiopia
42;5;Ethiopia
42;5.5;Ethiopia
42;6;Ethiopia
42;6.5;Ethiopia
42;7;Ethiopia
42;7.5;Ethiopia
42;8;Ethiopia
42;8.5;Ethiopia
42;9;Ethiopia
42;9.5;Ethiopia
42;10;Ethiopia
42;10.5;Ethiopia
42;11;Djibouti
42;11.5;Djibouti
42;12;Ethiopia
42;12.5;Ethiopia
42;13;Eritrea
42;13.5;Eritrea
42.5;0;Somalia
42.5;0.5;Somalia
42.5;1;Somalia
42.5;1.5;Somalia
42.5;2;Somalia
42.5;2.5;Somalia
42.5;3;Somalia
42.5;3.5;Somalia
42.5;4;Somalia
42.5;4.5;Ethiopia
42.5;5;Ethiopia
42.5;5.5;Ethiopia
42.5;6;Ethiopia
42.5;6.5;Ethiopia
42.5;7;Ethiopia
42.5;7.5;Ethiopia
42.5;8;Ethiopia
42.5;8.5;Ethiopia
42.5;9;Ethiopia
42.5;9.5;Ethiopia
42.5;10;Ethiopia
42.5;10.5;Ethiopia
42.5;11;Ethiopia
42.5;11.5;Djibouti
42.5;12;Djibouti
42.5;12.5;Djibouti
42.5;13;Eritrea
43;0.5;Somalia
43;1;Somalia
43;1.5;Somalia
43;2;Somalia
43;2.5;Somalia
43;3;Somalia
43;3.5;Somalia
43;4;Somalia
43;4.5;Somalia
43;5;Ethiopia
43;5.5;Ethiopia
43;6;Ethiopia
43;6.5;Ethiopia
43;7;Ethiopia
43;7.5;Ethiopia
43;8;Ethiopia
43;8.5;Ethiopia
43;9;Ethiopia
43;9.5;Ethiopia
43;10;Ethiopia
43;10.5;Somalia
43;11;Somalia
43;11.5;Djibouti
43;12;Djibouti
43;12.5;Djibouti
43.5;1;Somalia
43.5;1.5;Somalia
43.5;2;Somalia
43.5;2.5;Somalia
43.5;3;Somalia
43.5;3.5;Somalia
43.5;4;Somalia
43.5;4.5;Somalia
43.5;5;Ethiopia
43.5;5.5;Ethiopia
43.5;6;Ethiopia
43.5;6.5;Ethiopia
43.5;7;Ethiopia
43.5;7.5;Ethiopia
43.5;8;Ethiopia
43.5;8.5;Ethiopia
43.5;9;Ethiopia
43.5;9.5;Somalia
43.5;10;Somalia
43.5;10.5;Somalia
43.5;11;Somalia
44;1.5;Somalia
44;2;Somalia
44;2.5;Somalia
44;3;Somalia
44;3.5;Somalia
44;4;Somalia
44;4.5;Somalia
44;5;Ethiopia
44;5.5;Ethiopia
44;6;Ethiopia
44;6.5;Ethiopia
44;7;Ethiopia
44;7.5;Ethiopia
44;8;Ethiopia
44;8.5;Ethiopia
44;9;Somalia
44;9.5;Somalia
44;10;Somalia
44;10.5;Somalia
44.5;2;Somalia
44.5;2.5;Somalia
44.5;3;Somalia
44.5;3.5;Somalia
44.5;4;Somalia
44.5;4.5;Somalia
44.5;5;Ethiopia
44.5;5.5;Ethiopia
44.5;6;Ethiopia
44.5;6.5;Ethiopia
44.5;7;Ethiopia
44.5;7.5;Ethiopia
44.5;8;Ethiopia
44.5;8.5;Ethiopia
44.5;9;Somalia
44.5;9.5;Somalia
44.5;10;Somalia
45;2;Somalia
45;2.5;Somalia
45;3;Somalia
45;3.5;Somalia
45;4;Somalia
45;4.5;Somalia
45;5;Ethiopia
45;5.5;Ethiopia
45;6;Ethiopia
45;6.5;Ethiopia
45;7;Ethiopia
45;7.5;Ethiopia
45;8;Ethiopia
45;8.5;Ethiopia
45;9;Somalia
45;9.5;Somalia
45;10;Somalia
45.5;2.5;Somalia
45.5;3;Somalia
45.5;3.5;Somalia
45.5;4;Somalia
45.5;4.5;Somalia
45.5;5;Somalia
45.5;5.5;Somalia
45.5;6;Ethiopia
45.5;6.5;Ethiopia
45.5;7;Ethiopia
45.5;7.5;Ethiopia
45.5;8;Ethiopia
45.5;8.5;Ethiopia
45.5;9;Somalia
45.5;9.5;Somalia
45.5;10;Somalia
45.5;10.5;Somalia
46;2.5;Somalia
46;3;Somalia
46;3.5;Somalia
46;4;Somalia
46;4.5;Somalia
46;5;Somalia
46;5.5;Somalia
46;6;Somalia
46;6.5;Ethiopia
46;7;Ethiopia
46;7.5;Ethiopia
46;8;Ethiopia
46;8.5;Somalia
46;9;Somalia
46;9.5;Somalia
46;10;Somalia
46;10.5;Somalia
46.5;3;Somalia
46.5;3.5;Somalia
46.5;4;Somalia
46.5;4.5;Somalia
46.5;5;Somalia
46.5;5.5;Somalia
46.5;6;Somalia
46.5;6.5;Somalia
46.5;7;Ethiopia
46.5;7.5;Ethiopia
46.5;8;Ethiopia
46.5;8.5;Somalia
46.5;9;Somalia
46.5;9.5;Somalia
46.5;10;Somalia
46.5;10.5;Somalia
47;3.5;Somalia
47;4;Somalia
47;4.5;Somalia
47;5;Somalia
47;5.5;Somalia
47;6;Somalia
47;6.5;Somalia
47;7;Somalia
47;7.5;Ethiopia
47;8;Somalia
47;8.5;Somalia
47;9;Somalia
47;9.5;Somalia
47;10;Somalia
47;10.5;Somalia
47.5;4;Somalia
47.5;4.5;Somalia
47.5;5;Somalia
47.5;5.5;Somalia
47.5;6;Somalia
47.5;6.5;Somalia
47.5;7;Somalia
47.5;7.5;Somalia
47.5;8;Somalia
47.5;8.5;Somalia
47.5;9;Somalia
47.5;9.5;Somalia
47.5;10;Somalia
47.5;10.5;Somalia
47.5;11;Somalia
48;5;Somalia
48;5.5;Somalia
48;6;Somalia
48;6.5;Somalia
48;7;Somalia
48;7.5;Somalia
48;8;Somalia
48;8.5;Somalia
48;9;Somalia
48;9.5;Somalia
48;10;Somalia
48;10.5;Somalia
48;11;Somalia
48.5;5.5;Somalia
48.5;6;Somalia
48.5;6.5;Somalia
48.5;7;Somalia
48.5;7.5;Somalia
48.5;8;Somalia
48.5;8.5;Somalia
48.5;9;Somalia
48.5;9.5;Somalia
48.5;10;Somalia
48.5;10.5;Somalia
48.5;11;Somalia
49;6.5;Somalia
49;7;Somalia
49;7.5;Somalia
49;8;Somalia
49;8.5;Somalia
49;9;Somalia
49;9.5;Somalia
49;10;Somalia
49;10.5;Somalia
49;11;Somalia
49.5;7.5;Somalia
49.5;8;Somalia
49.5;8.5;Somalia
49.5;9;Somalia
49.5;9.5;Somalia
49.5;10;Somalia
49.5;10.5;Somalia
49.5;11;Somalia
50;8.5;Somalia
50;9;Somalia
50;9.5;Somalia
50;10;Somalia
50;10.5;Somalia
50;11;Somalia
50;11.5;Somalia
50.5;9;Somalia
50.5;9.5;Somalia
50.5;10;Somalia
50.5;10.5;Somalia
50.5;11;Somalia
50.5;11.5;Somalia
51;10.5;Somalia
51;11;Somalia
51;11.5;Somalia
